"Fisher, Josh",0
"Fernández, Jaime",1
"Granger, Jayson",2
"Gabriel, Germán",3
"Kuric, Kyle",4
"Vicedo, Edgar",5
"Guerra, Fran",6
"Kirksay, Tariq",7
"English, Carl",8
"Barnes, Lamont",9
"Nogueira, Lucas",10
"Guillén, R.",11
"Richotti, Nicolás",12
"Úriz, Ricardo",13
"Donaldson, Jakim",14
"Sekulic, Blagota",15
"Bivià, Carles",16
"Heras, Jaime",17
"Chagoyen, Jesús",18
"Lampropoulos,F.",19
"Blanco, Saúl",20
"Rost, Levi",21
"Jones, Joseph",22
"Roll, Michael",23
"Van Rossom, Sam",24
"Rudez, Damjan",25
"Stefansson, J.",26
"Llompart, Pedro",27
"García, Adrián",28
"Marín, Javier",29
"Norel, Henk",30
"Fontet, Albert",31
"Toppert, Chad",32
"Aguilar, Pablo",33
"Nocioni, Andrés",34
"Rochestie, Taylor",35
"Hdez-Sonseca,E.",36
"Cabezas, Carlos",37
San Emeterio,38
"Pleiss, Tibor",39
"Heurtel, Thomas",40
"Oleson, Brad",41
"Lampe, Maciej",42
"Bjelica, Nemanja",43
"Tepic, Milenko",44
"Triguero, J.",45
"Asbury, Brian",46
"Burjanadze, Beka",47
"Satoransky, T.",48
"Porzingis, K.",49
"Balvin, Ondrej",50
"Sastre, Joan",51
"Bogdanovic, L.",52
"Buckman, Bradley",53
"Holland, John",54
"Gatens, Matt",55
"Antelo, J. A.",56
"Tillie, Kim",57
"Franch, Josep",58
"Servera, Miquel",59
"Jasen, J.",60
"Barlow, David",61
"Miso, Andrés",62
"Lewis, Marcus",63
"Rodríguez, B.",64
"San Miguel, R.",65
"Markovic, Stefan",66
"Ribas, Pau",67
"Doellman, Justin",68
"Keselj, Marko",69
"Lishchuk, Serhiy",70
"Faverani, V.",71
"Dubljevic, Bojan",72
"Lukauskis, M.",73
"Martínez, Rafa",74
"Pietrus, F.",75
"Mainoldi, Leo",76
"Sené, M. Saer",77
"Gladyr, S.",78
"Vega, Javier",79
"Colom, Quino",80
"Diagne, Moussa",81
"Laso, Adrián",82
" Feldeine, James",83
"García, Charles",84
"Sánchez, Sergio",85
"Cortaberría, J.",86
"Muñoz, Álvaro",87
"Rodríguez, A.",88
"Pumprla, Pavel",89
"Sanz, Jorge",90
"Stobart, Micky",91
"Dewar, Benjamin",92
"Kendall, Levon",93
"Junyent, Oriol",94
"Corbacho, A.",95
"Hopkins, B.",96
"Buford, William",97
"Mejri, Salah",98
"Luz, Rafa",99
"Asselin, Josh",100
"Rodríguez, Javi",101
"DeVries, Troy",102
"Hernández, Alex",103
"Arteaga, O.",104
"Palsson, Haukur",105
"Arco, Salva",106
"Hanga, Adam",107
"Yanev, Aleksander",108
"Ramsdell, Charles",109
"Larsen, Rasmus",110
"Guerra, Roberto",111
"Newley, Brad",112
"Toolson, Ryan",113
"Bellas, Tomás",114
"Domínguez, S.",115
"Prestes, Paulo",116
"Nelson, Spencer",117
"Alvarado, Óscar",118
"Scheyer, Jon",119
"Beirán, Javier",120
"Slokar, Uros",121
"Zisis, Nikos",122
"Rakovic, Milovan",123
"Pilepic, Fran",124
"Hamilton, Lamont",125
"Mumbrú, Álex",126
"Hervelle, Axel",127
"Moerman, Adrien",128
"López, Raül",129
"Samb, Mamadou",130
"Vasileiadis, K.",131
"Grimau, Roger",132
"Sada, Víctor",133
"Huertas, M.",134
"Abrines, Álex",135
"Todorovic, M.",136
"Wallace, CJ",137
"Ingles, Joe",138
"Rabaseda, Xavi",139
"Lorbek, Erazem",140
"Jawai, Nathan",141
"Mickeal, Pete",142
"Tomic, Ante",143
"Grimau, Jordi",144
"Tripkovic, Uros",145
"Izquierdo, Antonio",146
"Martín, Nacho",147
"Renfroe, Alex",148
"OLeary, Ian",149
"Navarro, David",150
"Cizauskas, Vytenis",151
"Sinanovic, N.",152
"Mohammed, Alhaji",153
"Ruiz, Edu",154
"Draper, Dontaye",155
"Fernández, Rudy",156
"Pocius, Martynas",157
"Suárez, Carlos",158
"Reyes, Felipe",159
"Mirotic, Nikola",160
"Rodríguez, S.",161
"Hernangómez, G.",162
"Begic, Mirza",163
"Carroll, Jaycee",164
"Llull, Sergio",165
"Slaughter, M.",166
"Simon, Krunoslav",167
"Williams, Marcus",168
"Lima, Augusto",169
"Conde, Luis",170
"Urtasun, Txemi",171
"Calloway, Earl",172
"Perovic, Kosta",173
"Gist, James",174
"Vázquez, Fran",175
"Jiménez, Carlos",176
"Zoric, Luka",177
Zoran Dragic,178
"Ehambe, Moses",179
"Trias, Jordi",180
"Llovet, Nacho",181
"Quezada, Manny",182
"Oliver, Albert",183
"Gaffney, Tony",184
"Ventura, Albert",185
"Vives, Guillem",186
"Savané, Sitapha",187
"Barrera, Alex",188
"Suárez, Alejandro",189
"Kuzmic, Ognjen",190
"Papamakarios, M.",191
"Woods, Qyntel",192
"Neto, Raulzinho",193
"Rubio, Guille",194
"Díez, Daniel",195
"Doblas, David",196
"Salgado, Javier",197
"Korolev, Y.",198
"Olaizola, Julen",199
"Motos, Mikel",200
Ekene Ibekwe,201
"Fisher, Corey",202
"Navarro, J.C.",203
"Jasikevicius, S.",204
"Angelats, Nil",205
"Causeur, Fabien",206
"Radicevic, Nikola",207
"Navarro, J.L.",208
"Ndiaye, Madiop",209
"Báez, Eulis",210
"Bjelica, Milko",211
"Kuksiks, Rihards",212
"Vidal, Sergi",213
"Hunter, Othello",214
"Pardina, Joan",215
"Kody, Johan",216
"Clark, Daniel",217
"Tomàs, Pere",218
"Aguilera, Javier",219
"Ríos, Xabier",220
"Dobos, Laszlo",221
"Abia, Larry",222
"Díaz, Alberto",223
"Méndez, Adrián",224
"Rodríguez, Sergio",225
"Corrales, G.",226
"Dozier, Robert",227
"Quinn, Chris",228
"Hummel, Robbie",229
"Ragland, Joe",230
"Taylor, Jermaine",231
"Laviña, Ferran",232
"Hettsheimeir,R",233
"Lutersek, Igor",234
"Calbarro, Unai",235
"Kelati, Thomas",236
"Lauvergne, Joffrey",237
"Valters, K.",238
"Rey, Xavi",239
"Williams, L.",240
"Sánchez, P.",241
"Blakney, Rod",242
"Gélabale, M.",243
"Portález, Marcos",244
"Panko, Andy",245
"Cook, Omar",246
"Montañez, Román",247
"Kurz, Rob",248
"Tavares, W.",249
"Paunic, Ivan",250
"Ewing, Pat",251
"Sosa, Edgar",252
"Diane, Mamadi",253
"Finley, Morris",254
"Arranz, Jonathan",255
"Sanz, Iñaki",256
"Jelínek, David",257
"Martín, Alberto",258
"Creus, Joan",259
"Porta, Antonio",260
"Van Oostrum, D.",261
"Mensah-Bonsu,P.",262
"Aleksandrov, N.",263
"Caven, Joonas",264
"Darden, Tremmell",265
"Tirado, Tono",266
"Hanley, Will",267
"Hrycaniuk, Adam",268
"Pla, Guillem",269
"Eriksson, Marcus",270
"Hezonja, Mario",271
"Tirado, Toño",272
"Todorovic, Dejan",273
"Iza, Christopher",274
"Dewar, Ben",275
"Humphrey, Ryan",276
"Suárez, Álex",277
"Todorovic, Marko",278
"Robinson, Jason",279
"Kinsey, Tarence",280
"Portalez, Marcos",281
"Brizuela, Darío",282
"Kyzlink, Tomas",283
"Mbaye, Papa",284
"Dragic, Zoran",285
"Báez, Adrián",286
"Marelja, A.",287
"Smits, Rolands",288
"Golubovic, V.",289
"Hernangómez, W.",290
"Mavrokefalidis, L.",291
"Oguchi, C.",292
"Villar, Luis",293
"Waters, Dominic",294
"Kouguere, Max",295
"Giannopoulos, H.",296
"Monroe, Darryl",297
"Miralles, Albert",298
"Cochran, Nik",299
"Shurna, John",300
"Joseph, Devoe",301
"Pullen, Jacob",302
"Dorsey, Joey",303
"Papanikolaou, K.",304
"Nachbar, Bostjan",305
"Sato, Romain",306
"Lucic, Vladimir",307
"Lafayette, Oliver",308
"Huskic, Goran",309
"Winchester, A.",310
"Bamforth, Scott",311
"Mata, Marcos",312
"Sabonis, Domas",313
"Kuzminskas, M.",314
"Caner-Medley,N.",315
"Stimac, Vladimir",316
"Banic, Marko",317
"Hernangómez, J.",318
"Ivanov, Dejan",319
"Bourousis, I.",320
"Haritopoulos, D.",321
"Vasilopoulos, P.",322
"Vilhjálmsson, H.",323
"Martínez, Iván",324
"Head, Luther",325
"Johnson, Omari",326
"Suka-Umu, M.",327
"Wright, Akeem",328
"Diop, Ilimane ",329
"Hodge, Walter",330
"Cruz, Añaterve",331
"Hansbrough, Ben",332
Ben Romdhane,333
"Toledo, Carlos",334
"Wood, Scott",335
"Orupke, Ehimen",336
"Davis, Dwayne",337
"Pérez, Daniel",338
"Mejeris, Mareks",339
"Arnold, Marcus",340
"Mendía, Borja",341
"Bertans, Dairis",342
"Kavaliauskas, A.",343
"Carmichael, Jackie",344
"Sanikidze, V.",345
"Shermadini, Giorgi",346
"Tabu, Jonathan",347
"Gutiérrez, J.",348
"Fajardo, Diego",349
"Sikma, Luke",350
"Delas, Mario",351
"Scott, Durand",352
"Xanthopoulos, V.",353
"Muscala, Mike",354
"Minnerath, Nick",355
"García, Sergi",356
"Pérez, Pablo",357
"Sans, Agustí",358
"Assalit, Xavi",359
"Andjusic, Danilo",360
"Kaukenas, R.",361
"Moungoro, B.",362
"Barro, Mouhamed",363
"Niang, Mamadou",364
"Vrkic, Zoran",365
"Nguirane, Maodo",366
"Toledo, Juan",367
"Rowe, Jason",368
"Pecherov, Oleksiy",369
"Vargas, Eloy",370
"Viney, Drew",371
"Markota, Damir",372
"Cvetinovic, Nikola",373
"Urtasun, Alex",374
"Borovnjak, Sasa",375
"Landry, Marcus",376
"Sanders, Melvin",377
"Barton, Lubos",378
"González, José M.",379
"Poeta, Giuseppe",380
"Maki, Iika",381
"Ljubicic, Marko",382
"Goodridge, Vernon",383
"Duch, Adrià",384
Bamforth,385
Mata,386
Huskic,387
Winchester,388
"Van Lacke, F.",389
Kuzminskas,390
Stimac,391
Haritopoulos,392
"Drenovac, Djordje",393
"Johnson, O.",394
Hansbrough,395
Delas,396
Scott,397
Xanthopoulos,398
Muscala,399
Sikma,400
"Papadopoulos, L",401
"Ben Romdhane, M.",402
"Orukpe, Ehimen",403
Hodge,404
"Lavrinovic, K.",405
"Santana, Fabio",406
"Berzins, K.",407
"Pozas, Pepe",408
"Abalde, Alberto",409
"Odom, Lamar",410
"Ballesta, Juan",411
"Radovic, Nemanja",412
"Barreiro, J.",413
"Homs, Albert",414
"Sánchez, Pablo",415
"Peterson, Travis",416
"Mack, Lamont",417
"Johnson, Armon",418
"Kickert, Daniel",419
"McCauley, Ben",420
"Manzano, Héctor",421
"Arteaga, Víctor",422
"Akindele, Jeleel",423
"Clotet, Jordi",424
"Sabata, Nil",425
"Yusta, Santiago",426
"Elonu, Chinemelu",427
"Rojas, Sadiel",428
"Buycks, Dwight",429
"Loncar, Kresimir",430
"Harangody, Luke",431
"Byars, Derrick",432
"Thames, Xavier",433
"Gallardo, Diego",434
"Oriola, Pierre",435
"Tsairelis, M.",436
"Lisch, Kevin",437
"Katic, Rasko",438
"Goulding, Chris",439
"Jelovac, Stevan",440
"Mallet, Demond",441
"Hannah, Clevin",442
"Suton, Goran",443
"Bircevic, Stefan",444
"Martínez, Ander",445
"Niang, Wally",446
"Simpson, Diamon",447
"Nunnally, James",448
"Ortega, Pep",449
"Dean, Taquan",450
"Jordan, Jared",451
"Iarochevitch, I.",452
"Rivers, K. C.",453
"Campazzo, Facu",454
"Maciulis, Jonas",455
"Ayón, Gustavo",456
"Paulí, Oriol",457
"Summers, DaJuan",458
"Miller, Daniel",459
"Kleber, Maxi",460
"Waczynski, Adam",461
"Cárdenas, Fran",462
"Nankivil, Keaton",463
"Hall, Mike",464
"Ogilvy, AJ",465
"Grigonis, Marius",466
"Garcia, Marc",467
"Samuels, Jamar",468
"Thomas, DeShaun",469
"Iverson, Colton",470
"Gomes, Ryan",471
"Perkins, Doron",472
"Diop, Mamadou",473
"Johnson, Orlando",474
"Bertans, Davis",475
"Thomas, Will",476
"Green, Caleb",477
"Schreiner, Thomas",478
"Gomes, Betinho",479
"Bogris, Georgios",480
"Green, Shaun",481
"Martínez, Román",482
"Blanch, Marc",483
"Ivanov, Kaloyan",484
"Borg, Tobias",485
"Baron, Jimmy",486
"White, DJ",487
"Shengelia, T.",488
"Hakanson, Ludde",489
"Martí, Marc",490
"Watts, Dane",491
"Spires, Nick",492
"Knezevic, Filip",493
"Van Lacke, Fede",494
"Belemene, Romaric",495
"Sakic, Zeljko",496
"Rizvic, Hasan",497
"Lliteras, Roger",498
"Wragge, Ethan",499
"White, Davin",500
"Colom, Guillem",501
"Mbansogo, S.",502
"Soluade, Morayo",503
"Oroz, Xabi",504
"Vujacic, Sasha",505
"Isiani, Willy",506
"Karahodzic, Kenan",507
"Orlov, Volodymyr",508
"Doncic, Luka",509
"Fotu, Isaac",510
"Nedovic, Nemanja",511
"Woodside, Ben",512
"Thomas, D.",513
"Summers, D.",514
"Llorente, Juan",515
"Martínez, Eric",516
"Peno, Stefan",517
"James, Mike",518
"Burtt, Steve",519
"Esteban, Màxim",520
"Vila, Eric",521
"Jackson, Edwin",522
"Aradori, Pietro",523
"Adams, Darius",524
"Huertas, Rafael",525
"Portugués, Joaquín",526
"Guardia, David",527
"Cabrera, Alberto",528
"Pursl, Simon",529
"Penney, Kirk",530
"Stojanovski, V.",531
"Lee, Gerald",532
"Cvetkovic, B.",533
"Salin, Sasu",534
"Mayo, Josh",535
"García, Juan José",536
"Nogués, José I.",537
"Dilys, Vilmantas",538
"Little, Mario",539
"Martínez, Carlos",540
"Sedekerskis, Tadas",541
"Nikolic, Zoran",542
"Seeley, DJ",543
"Abecrombie, T.",544
"Sánchez, A.",545
"Salash, Maksim",546
"Ortega, José",547
"Hopson, Scotty",548
"Maric, Aleks",549
"Sainsbury, David",550
"Vitali, Luca",551
"Pino, Sergi",552
"Jones, Shawn",553
"Jofresa, David",554
"James, Shawn",555
"Ruoff, Alex",556
"Lawal, Shane",557
"Vezenkov, A.",558
"Arroyo, Carlos",559
"Perperoglou, S.",560
"Linhart, Nate",561
"Henry, Sek",562
"Romera, Pedro",563
"Diener, Drake",564
"Benzing, Robin",565
"Kanacevic, Halil",566
"Pangos, Kevin",567
"Pasecniks, Anzejs",568
"Omic, Alen",569
"Lawrence, Andrew",570
"Milbourne, Landon",571
"Rico, Andrés",572
"Popovic, Marko",573
"Stevic, Oliver",574
"Wear, David",575
"Sobin, Josip",576
"Scott, Ernest",577
"Simon, Chase",578
"Sandul, M.",579
"Flis, Dmitry",580
"Thomas, Jermaine",581
"Sánchez, Ricky",582
"Otverchenko, R.",583
"Musli, Dejan",584
"Sàbat, Albert",585
"Drame, Ousmane",586
"Paul, Brandon",587
"Carter, Kerry",588
"Abromaitis, Tim",589
"Radoncic, Dino",590
"Thompkins, Trey",591
"Hamilton, Justin",592
"Benite, Vitor",593
"Rubio, Juan",594
"Hendrix, Richard",595
"Smith, Jamar",596
"Haws, Tyler",597
"McGrath, Donnie",598
"Brown, Alec",599
"Pustovyi, Artem",600
"Bendzius, Eimantas",601
"Caloiaro, Angelo",602
"Rigo, Tomeu",603
"Anderson, Jermaine",604
"Miljenovic, Nenad",605
"Cate, Emanuel",606
"Henton, LaDontae",607
"Thomas, Brandon",608
"Graham, Zach",609
"Planinic, Darko",610
"Blazic, Jaka",611
"Kangur, Kristjan",612
"Wear, Travis",613
"Lindstrom, Valter",614
"Omeragic, Adnan",615
"Samuels, Samardo",616
"Taylor, Jeffery",617
"San Martín, José",618
"Rodríguez, Samuel",619
"Jou, Guillem",620
"Brià, Nil",621
"Galdikas, Ovidijus",622
"Torres, Alberto",623
"Maura, Alberto",624
"Diot, Antoine",625
"Llorca, Alex",626
"Aboubacar, Seydou",627
"Mitchell, Tony",628
"Thiago, Samba",629
"Cizmic, Leo",630
"Cooley, Jack",631
"Ndour, Maurice",632
"Agbelese, Danny",633
"Erevbenagie, E.",634
"Suárez, Pablo",635
"Nelson, DeMarcus",636
"Kravtsov, V.",637
"Puerto, Josep",638
"Laprovittola, N.",639
"Swing, Jordan",640
"Milisavljevic, M.",641
"Cirkovic, Nikola",642
"Moreno, Víctor",643
"De la Rúa, Daniel",644
"Cuéllar, David",645
"Slezas, Tautvydas",646
"Holt, Stephen",647
"Mayot, Deng",648
"Costa, Lluís",649
"Jordan, Jerome",650
"Foster, Jekel",651
"Sanz, Álvaro",652
"Okouo, Viny",653
"Hayes, Kenny",654
"Martínez, Miguel",655
"Auda, Patrik",656
"Mayot Mabior, Deng",657
"Kohs, Verners",658
"Kolesnikov, E.",659
"Mendia, Borja",660
"Moreira, Yanick",661
"Jaramaz, Nemanja",662
"Otegui, Urko",663
"Schneider, Hugo",664
"Maiza, Gaizka",665
"Gagic, Djordje",666
"Demetrio, Leonardo",667
"Diagné, Moussa",668
"McCalebb, Bo",669
"ONeale, Royce",670
"Bassas, Ferran",671
"Doornekamp, A.",672
"Page, Dylan",673
"Vanaclocha, Bernat",674
"Traoré, Ali",675
"Wilson, Jamar",676
"Lorbek, Domen",677
"Milosevic, S.",678
"Chery, Kenny",679
"Lockett, Trent",680
"Randolph, A.",681
"Fogg, Kyle",682
"Brooks, Jeff",683
"Suggs, Scott",684
"Cvetkovic, A.",685
"Aranitovic, Petar",686
"Cakarun, Marjan",687
"Andric, Luksa",688
"Trapani, Joe",689
"Claver, Víctor",690
"Figueras, Pol",691
"Diagné, Atoumane",692
"Matulionis, O.",693
"Whittington, S.",694
"Pechacek, Adam",695
"Allen, Rosco",696
"McConnell, Mickey",697
"Larkin, Shane",698
"Bargnani, Andrea",699
"Cooney, Trevor",700
"Voigtmann, J.",701
"Llorca, Álex",702
"Cruz, Francisco",703
"Lapornik, Miha",704
"Buva, Ivan",705
"Nikolic, Danilo",706
"Eric, Micheal",707
"Soko, Ovie",708
"Baron, Billy",709
"Delía, Marcos",710
"Dimitrijevic, N.",711
"Vasiliauskas, S.",712
"Gielo, Tomasz",713
"Bieshaar, Terrence",714
"Lapornik, Luka",715
"Stutz, Garrett",716
"Kraljevic, Filip",717
"Gecevicius, M.",718
"Servera, Miki",719
"Jankovic, Vladimir",720
"Bryant, John",721
"Albicy, Andrew",722
"Walker, David",723
"Antetokounmpo, T.",724
,725
"Akognon, Josh",726
"Ndiaye, Hamady",727
"Sakho, Jordan",728
"Castro, Juan",729
"Rice, Tyrese",730
"Dulkys, Deividas",731
"Maric, Nikola",732
"Sena, Wesley",733
"Llorente, Sergio",734
"Alocén, Carlos",735
"Koponen, Petteri",736
"Beaubois, Rodrigue",737
"Rush, Brion",738
"López-Arostegui, X",739
"Martínez, Sergi",740
"Budinger, Chase",741
"Rupnik, Luka",742
"Holmes, Jonathan",743
"Savic, Emil",744
"Juskevicius, Adas",745
"Pluta, Andrzej",746
"Pietras, Bartek",747
"Hollins, Ryan",748
"Mahalbasic, Rasid",749
"Piñero, Taqwa",750
"Machado, Michael",751
"Zaytsev, Igor",752
"Smith, Terry",753
"Prigioni, Pablo",754
"Vucetic, Vasilije",755
"Tumba, Kevin",756
"Molins, Pol",757
"Munford, Xavier",758
"Czerapowicz, Chris",759
"Bernácer, J. F.",760
"Krejci, Vit",761
"Kane, DeAndre",762
"Gómez, Rodrigo",763
"Rosa, Ignacio",764
"Ferrando, Luis",765
"Tobey, Mike",766
"Kurucs, Rodions",767
"Knight, Marcos",768
"Mulero, Guillermo",769
"Ehigiator, Osas",770
"Kurucs, Arturs",771
"Sikiras, Njegos",772
"Khalaf, Ahmed",773
